method,best_fitness,time
GA,266.0,5.06772255897522
EDA,266.0,4.907202959060669
HillClimbing,256.3333333333333,0.16730928421020508
TabuSearch,266.0,3.2211880683898926
