{
  "anova_f": 0.651513434481137,
  "anova_p": 0.5934853222459717,
  "effect_sizes": {
    "EDA_vs_GA": {
      "cohens_d": 0.13676484653840884,
      "t_stat": 0.21624420945238348,
      "t_p": 0.8343170008953033,
      "mean_diff": 5.8343561316052615
    },
    "EDA_vs_HillClimbing": {
      "cohens_d": 0.6632779315468228,
      "t_stat": 1.0487344927066047,
      "t_p": 0.3264207223016381,
      "mean_diff": 27.344309950709516
    },
    "EDA_vs_TabuSearch": {
      "cohens_d": 0.6632779315468228,
      "t_stat": 1.0487344927066047,
      "t_p": 0.3264207223016381,
      "mean_diff": 27.344309950709516
    },
    "GA_vs_HillClimbing": {
      "cohens_d": 0.5667765203733458,
      "t_stat": 0.8961523643423,
      "t_p": 0.39651229607321037,
      "mean_diff": 21.509953819104254
    },
    "GA_vs_TabuSearch": {
      "cohens_d": 0.5667765203733458,
      "t_stat": 0.8961523643423,
      "t_p": 0.39651229607321037,
      "mean_diff": 21.509953819104254
    },
    "HillClimbing_vs_TabuSearch": {
      "cohens_d": 0.0,
      "t_stat": 0.0,
      "t_p": 1.0,
      "mean_diff": 0.0
    }
  },
  "confidence_intervals": {
    "EDA": {
      "mean": 251.55965313385272,
      "ci95_low": 211.591675499957,
      "ci95_high": 291.52763076774846,
      "n": 5
    },
    "GA": {
      "mean": 245.72529700224746,
      "ci95_low": 211.09837803168062,
      "ci95_high": 280.3522159728143,
      "n": 5
    },
    "HillClimbing": {
      "mean": 224.2153431831432,
      "ci95_low": 192.3686672893655,
      "ci95_high": 256.06201907692093,
      "n": 5
    },
    "TabuSearch": {
      "mean": 224.2153431831432,
      "ci95_low": 192.3686672893655,
      "ci95_high": 256.06201907692093,
      "n": 5
    }
  }
}